id,createdDate,modifiedDate,latitude,longitude,gymAddress,gymName
1,2025-08-09T21:37:52.521045,2025-08-09T21:37:52.521045,37.5038111062408,127.021292917493,서울특별시 서초구 사평대로 349  (반포동",2층),서초헬스크럽
2,2025-08-09T21:37:52.590048,2025-08-09T21:37:52.590048,37.4907432121464,126.984755365172,서울특별시 서초구 동광로 18  (방배동),그린헬스
3,2025-08-09T21:37:52.593090,2025-08-09T21:37:52.593090,37.4784686930161,126.982851828231,서울특별시 서초구 방배천로 22  (방배동",3층),현대헬스
4,2025-08-09T21:37:52.596279,2025-08-09T21:37:52.596279,37.5036274972267,127.022660298088,서울특별시 서초구 사평대로 362  (서초동",(3층)),헬스토피아
5,2025-08-09T21:37:52.599045,2025-08-09T21:37:52.599045,37.5012003670806,127.010451683927,서울특별시 서초구 고무래로10길 17  (반포동",4층),동호헬스클럽
6,2025-08-09T21:37:52.600688,2025-08-09T21:37:52.600688,37.4781207138635,126.988778449939,서울특별시 서초구 효령로 36  (방배동),그린짐
7,2025-08-09T21:37:52.602886,2025-08-09T21:37:52.602886,37.5127288106482,127.006845119825,서울특별시 서초구 잠원로 94", B1층 (잠원동", 한신빌딩),싸이버짐
8,2025-08-09T21:37:52.605036,2025-08-09T21:37:52.605036,37.4856046634033,127.028078834421,서울특별시 서초구 효령로72길 60 (서초동),한전아트센터스포츠클럽
9,2025-08-09T21:37:52.607167,2025-08-09T21:37:52.607167,37.5168337332197,127.018891565573,서울특별시 서초구 강남대로 617 (잠원동", 대양빌딩 4/5/6층),국가대표 소유창 휘트니스
10,2025-08-09T21:37:52.610031,2025-08-09T21:37:52.610031,37.4881216800977,127.014931006517,서울특별시 서초구 서초중앙로 72  (서초동",지하1층),우성헬스 2
11,2025-08-09T21:37:52.612353,2025-08-09T21:37:52.612353,37.484634304268,127.01197272013,서울특별시 서초구 반포대로12길 10  (서초동",4층),제이디아이스포츠
12,2025-08-09T21:37:52.615363,2025-08-09T21:37:52.615363,37.4961174271855,127.024916311484,서울특별시 서초구 서운로 142-4  (서초동",3층),코리아짐
13,2025-08-09T21:37:52.617463,2025-08-09T21:37:52.617463,37.4682787075426,127.039136433366,서울특별시 서초구 강남대로 27 (양재동",농수산물유통공사 지하1층),아이러브 휘트니스
14,2025-08-09T21:37:52.620074,2025-08-09T21:37:52.620074,37.4999383614042,127.025589219735,서울특별시 서초구 서초대로77길 25  (서초동",경일빌딩 7층),파워짐헬스크럽
15,2025-08-09T21:37:52.622583,2025-08-09T21:37:52.622583,37.4939616380396,127.02791641287,서울특별시 서초구 강남대로53길 11  (서초동",지하2층),코아텔휘트니스클럽
16,2025-08-09T21:37:52.625818,2025-08-09T21:37:52.625818,37.5100088988029,127.019980401098,서울특별시 서초구 사평대로55길 139  (반포동",미성빌딩4층),대한퍼스널트레이닝
17,2025-08-09T21:37:52.627932,2025-08-09T21:37:52.627932,37.4934680144084,127.015430187136,서울특별시 서초구 서초중앙로22길 25  (서초동",서초리시온 2층),듀발휘트니스
18,2025-08-09T21:37:52.630629,2025-08-09T21:37:52.630629,37.4865276721133,127.012932415371,서울특별시 서초구 효령로53길 45  (서초동",서초이오빌 지1층),탑
19,2025-08-09T21:37:52.632823,2025-08-09T21:37:52.632823,37.4982153593758,127.024347163495,서울특별시 서초구 강남대로61길 23  (서초동",오르시떼빌딩 2층),발리토탈휘트니스
20,2025-08-09T21:37:52.635146,2025-08-09T21:37:52.635146,37.49938882876,127.012084092981,서울특별시 서초구 서초중앙로 197  (반포동",서호빌딩 지1층),아크로 운동센타
21,2025-08-09T21:37:52.638538,2025-08-09T21:37:52.638538,37.4816650609857,126.997118841506,서울특별시 서초구 방배로 81 (방배동",6층),방배역점 스포애니 (주)케이디헬스케어
22,2025-08-09T21:37:52.641674,2025-08-09T21:37:52.641674,37.4915088027577,126.990928299196,서울특별시 서초구 방배로 205 (방배동", 3층),휘트니스 모션
23,2025-08-09T21:37:52.644834,2025-08-09T21:37:52.644834,37.4918503001644,127.027176779785,서울특별시 서초구 사임당로 158 (서초동),우성A휘트니스
24,2025-08-09T21:37:52.647568,2025-08-09T21:37:52.647568,37.4779865992416,126.983746667049,서울특별시 서초구 방배천로2안길 23  (방배동",2층),마하헬스크럽
25,2025-08-09T21:37:52.649650,2025-08-09T21:37:52.649650,37.4940331549084,127.015892124665,서울특별시 서초구 서초대로 314 (서초동",지1층),휘트니스에프엠 교대점
26,2025-08-09T21:37:52.652125,2025-08-09T21:37:52.652125,37.4746674142698,127.032924196569,서울특별시 서초구 바우뫼로 106  (양재동",(2층)),스피드순환운동
27,2025-08-09T21:37:54.969837,2025-08-09T21:37:54.969837,37.5121141301471,127.019229586534,서울특별시 서초구 신반포로47길 30  (잠원동",(2",3",4층)),토마토휘트니스클럽
28,2025-08-09T21:37:54.982579,2025-08-09T21:37:54.982579,37.4843352446262,127.029508644272,서울특별시 서초구 서운로 3 (서초동",(지하1층)),플라이 짐
29,2025-08-09T21:37:54.994750,2025-08-09T21:37:54.994750,37.4969314536823,126.983668491403,서울특별시 서초구 동작대로 230 (방배동",(지하1층)),안전지대 휘트니스
30,2025-08-09T21:37:55.014290,2025-08-09T21:37:55.014290,37.4947989581217,127.02860980273,서울특별시 서초구 강남대로 359  (서초동",지하1층 B101호),우정스포츠
31,2025-08-09T21:37:55.032735,2025-08-09T21:37:55.032735,37.4860057231492,127.010107986769,서울특별시 서초구 반포대로 63 (서초동",진석빌딩 지하1층),MKG 피트니스
32,2025-08-09T21:37:55.038122,2025-08-09T21:37:55.038122,37.4918506404669,127.025236485997,서울특별시 서초구 사임당로 143  (서초동",(지하1층)),골드헬스클럽
33,2025-08-09T21:37:55.039976,2025-08-09T21:37:55.039976,37.4995883245435,127.01195622147,서울특별시 서초구 서초중앙로 199 (반포동",(지하1층)),플레이핏 앤 필라테스
34,2025-08-09T21:37:55.042637,2025-08-09T21:37:55.042637,37.4723300184587,127.043005236379,서울특별시 서초구 동산로13길 35 (양재동",언남중고공공복합시설 지하중층),언남문화체육센터
35,2025-08-09T21:37:55.046250,2025-08-09T21:37:55.046250,37.4861262360947,127.019172155661,서울특별시 서초구 효령로 321 (서초동",(지하2층)),메가짐&필라퀸&킹골프&펀복싱&메가핏재활아카데미
36,2025-08-09T21:37:55.047888,2025-08-09T21:37:55.047888,37.4961967546591,127.015114339835,서울특별시 서초구 서초대로55길 17  (서초동",",42(2층)),소울앤드바디
37,2025-08-09T21:37:55.049558,2025-08-09T21:37:55.049558,37.4950975274245,127.019422098841,서울특별시 서초구 서초대로 346 (서초동", 지하 1층 101호),이루어GYM 서초점
38,2025-08-09T21:37:55.051789,2025-08-09T21:37:55.051789,37.4682875002518,127.033064735385,서울특별시 서초구 바우뫼로12길 70 (양재동", 더케이서울호텔 지하1층),갤럭시아스포츠클럽 더케이호텔점
39,2025-08-09T21:37:55.053193,2025-08-09T21:37:55.053193,37.486064623049,126.995187234526,서울특별시 서초구 방배로 132", 지하1~2층 (방배동),비나이더 방배점
40,2025-08-09T21:37:55.055329,2025-08-09T21:37:55.055329,37.4769039393292,127.043892850214,서울특별시 서초구 마방로10길 15 (양재동",트윈타워 B동(지1층)),(주)더 파스칼
41,2025-08-09T21:37:55.056594,2025-08-09T21:37:55.056594,37.4862096283726,127.021504447703,서울특별시 서초구 남부순환로339길 72  (서초동",(지1층)),스카이스포츠
42,2025-08-09T21:37:55.058913,2025-08-09T21:37:55.058913,37.4837163548787,127.011991342452,서울특별시 서초구 반포대로 34", 지하1층 (서초동),휘트니스짐
43,2025-08-09T21:37:55.071686,2025-08-09T21:37:55.071686,37.4844741553292,127.036674496114,서울특별시 서초구 남부순환로 2614 (양재동", 한솔로이젠트 B01호),SH메디휘트니스
44,2025-08-09T21:37:55.083436,2025-08-09T21:37:55.083436,37.4954109950647,127.016402306519,서울특별시 서초구 서초중앙로24길 27 (서초동", G-five B112호", B113호),피트니스파이브
45,2025-08-09T21:37:55.097607,2025-08-09T21:37:55.097607,37.5048884433907,127.002280487802,서울특별시 서초구 신반포로 162 (반포동",르본시티 2층),애플짐반포점
46,2025-08-09T21:37:55.114309,2025-08-09T21:37:55.114309,37.4920640182968,127.029795848706,서울특별시 서초구 강남대로 327 (서초동",대륭서초타워(지2층)),휴메이크 휘트니스
47,2025-08-09T21:37:55.127641,2025-08-09T21:37:55.127641,37.4906652237991,127.008612738216,서울특별시 서초구 반포대로 118 (서초동", (지1층)),리스펙짐
48,2025-08-09T21:37:55.139695,2025-08-09T21:37:55.139695,37.4919315087093,126.9831199106,서울특별시 서초구 동작대로 172 (방배동",(4층)),딸기짐
49,2025-08-09T21:37:55.150516,2025-08-09T21:37:55.150516,37.493646552336,126.991189368614,서울특별시 서초구 방배로42길 61  (방배동",(지1층)),마이짐(MY GYM)
50,2025-08-09T21:37:55.156109,2025-08-09T21:37:55.156109,37.4769176597084,127.044786556599,서울특별시 서초구 논현로 79 (양재동",윈드스톤오피스텔(지1층)),더베스트짐
51,2025-08-09T21:37:55.158961,2025-08-09T21:37:55.158961,37.4787820814606,127.039049768403,서울특별시 서초구 강남대로 156-1", 극동빌딩  4",5층 (양재동),피트니스팩토리24
52,2025-08-09T21:37:55.161512,2025-08-09T21:37:55.161512,37.4995524287657,126.99845757986,서울특별시 서초구 서래로 50 (반포동",(3층)),비컴스 피트니스
53,2025-08-09T21:37:55.166770,2025-08-09T21:37:55.166770,37.4878312746356,127.01352253293,서울특별시 서초구 사임당로 32  (서초동",(지1층)),C&S휘트니스
54,2025-08-09T21:37:55.169330,2025-08-09T21:37:55.169330,37.4817448804863,126.996738384466,서울특별시 서초구 효령로31길 10 (방배동",(3층)),어반액티브
55,2025-08-09T21:37:55.171565,2025-08-09T21:37:55.171565,37.4957101117888,126.985532367698,서울특별시 서초구 방배중앙로 187 (방배동", (2",3층)),위아더 휘트니스
56,2025-08-09T21:37:57.242100,2025-08-09T21:37:57.242100,37.4951061375372,126.998164901383,서울특별시 서초구 서래로 2 (반포동", (2층)),Finest Private Gym
57,2025-08-09T21:37:57.244998,2025-08-09T21:37:57.244998,37.5045712985968,127.023590349784,서울특별시 서초구 사평대로 371 (반포동),에이블짐 신논현역
58,2025-08-09T21:37:57.250027,2025-08-09T21:37:57.250027,37.4938815989559,126.993579521315,서울특별시 서초구 동광로 101", 우림빌딩 2층 (방배동),the Fitness LAB
59,2025-08-09T21:37:57.254939,2025-08-09T21:37:57.254939,37.4839431212365,127.023504377489,서울특별시 서초구 남부순환로337가길 33 (서초동),벧쎌RC
60,2025-08-09T21:37:57.256140,2025-08-09T21:37:57.256140,37.4852579365619,126.994860973768,서울특별시 서초구 방배로 127 (방배동", 지하1", 지하2),파인휘트니스
61,2025-08-09T21:37:57.259966,2025-08-09T21:37:57.259966,37.484573287516,126.983403101465,서울특별시 서초구 방배천로 92 (방배동", 세양아르비채102동 1층),에이제이짐
62,2025-08-09T21:37:57.264043,2025-08-09T21:37:57.264043,37.4989604535524,126.99760965781,서울특별시 서초구 사평대로22길 14", 2층 (반포동),옵티멀휘트니스(optimal fitness)
63,2025-08-09T21:37:57.268422,2025-08-09T21:37:57.268422,37.4887143289998,127.029849245333,서울특별시 서초구 남부순환로347길 101 (서초동", 지하1층),(주)그레이트짐
64,2025-08-09T21:37:57.274052,2025-08-09T21:37:57.274052,37.5162644800171,127.010063540612,서울특별시 서초구 잠원로 148 (잠원동", 잠원연합상가 지하1층),드림팩토리(Dream Factory)
65,2025-08-09T21:37:57.277845,2025-08-09T21:37:57.277845,37.4846910958487,127.039805640659,서울특별시 서초구 남부순환로364길 8-15", 동일빌딩 3층 (양재동),부띠끄 피트니스
66,2025-08-09T21:37:57.281223,2025-08-09T21:37:57.281223,37.4911445151256,127.011283315483,서울특별시 서초구 반포대로28길 50", 지하1층 (서초동),김재환짐
67,2025-08-09T21:37:57.285074,2025-08-09T21:37:57.285074,37.4965755766092,127.013293304095,서울특별시 서초구 서초중앙로 166 (서초동", 지하1층),고마워 휘트니스
68,2025-08-09T21:37:57.287274,2025-08-09T21:37:57.287274,37.4825295056019,127.005063878399,서울특별시 서초구 효령로 190", 비선빌딩 지하1층 (서초동),티랩스튜디오 시그니처 서초점
69,2025-08-09T21:37:57.289257,2025-08-09T21:37:57.289257,37.4875690470589,127.004542057229,서울특별시 서초구 명달로 116 (서초동", 2층),G.O PT Studio
70,2025-08-09T21:37:57.291117,2025-08-09T21:37:57.291117,37.493807077575,127.028452355866,서울특별시 서초구 서초대로78길 44 (서초동", 나산스위트 지하1층),강남역2호점 스포애니 (주)케이디헬스케어
71,2025-08-09T21:37:57.293411,2025-08-09T21:37:57.293411,37.5020135169887,127.024071206653,서울특별시 서초구 서초대로73길 54 (서초동", 디오빌강남오피스텔 201호),핏바디스튜디오
72,2025-08-09T21:37:57.295329,2025-08-09T21:37:57.295329,37.501053933323,127.011632675025,서울특별시 서초구 서초중앙로 217 (반포동", 대동빌딩 지하1층),잼짐(GEM GYM)
73,2025-08-09T21:37:57.297610,2025-08-09T21:37:57.297610,37.4974284760361,127.019150618212,서울특별시 서초구 서초대로65길 13-10 (서초동", 서초래미안@상가동 207호),Lion GYM
74,2025-08-09T21:37:57.299513,2025-08-09T21:37:57.299513,37.4851770867507,126.983004858028,서울특별시 서초구 서초대로 6 (방배동", 구산빌딩 4층),파워슈로스 운동센터
75,2025-08-09T21:37:57.301897,2025-08-09T21:37:57.301897,37.4950009216382,127.013778147123,서울특별시 서초구 서초중앙로 148 (서초동", 지하2층", 지하3층),하이드파크
76,2025-08-09T21:37:57.303953,2025-08-09T21:37:57.303953,37.4952764993945,127.01808528391,서울특별시 서초구 서초대로 335 (서초동", 다동 5층),마이다스 스튜디오
77,2025-08-09T21:37:57.305720,2025-08-09T21:37:57.305720,37.4954931842039,127.018710910342,서울특별시 서초구 서초대로 341 (서초동", 지하1층", 지상2층),Training-Parc(트레이닝파크)
78,2025-08-09T21:37:57.308733,2025-08-09T21:37:57.308733,37.4867629041126,126.982679310439,서울특별시 서초구 동작대로 114 (방배동", 유문빌딩 지하1층),이수역점 스포애니 (주)케이디헬스케어
79,2025-08-09T21:37:57.311696,2025-08-09T21:37:57.311696,37.4879304099777,127.012481502204,서울특별시 서초구 사임당로 21 (서초동", 지하1층),인타임 피트니스
80,2025-08-09T21:37:57.314052,2025-08-09T21:37:57.314052,37.4987206250178,126.998930642785,서울특별시 서초구 서래로8길 7 (반포동", 포도빌딩 지하1층),크로스핏 제니아
81,2025-08-09T21:37:57.316011,2025-08-09T21:37:57.316011,37.5032072803982,127.023519915144,서울특별시 서초구 사평대로56길 7 (서초동", 한일유앤아이주상복합 지하2층),헬스보이짐 신논현점
82,2025-08-09T21:37:57.317925,2025-08-09T21:37:57.317925,37.4826401351447,127.04032204397,서울특별시 서초구 강남대로30길 57 (양재동", 2층),달라짐(Dalla GYM) PT studio
83,2025-08-09T21:37:57.319676,2025-08-09T21:37:57.319676,37.4947738327371,126.994724058312,서울특별시 서초구 동광로27길 20 (방배동", 지층),피트니스 스퀘어
84,2025-08-09T21:37:59.407767,2025-08-09T21:37:59.407767,37.4936455498871,126.993857605338,서울특별시 서초구 동광로 106 (방배동", 2층),로얄바디짐
85,2025-08-09T21:37:59.410422,2025-08-09T21:37:59.410422,37.5115409433608,127.020640675895,서울특별시 서초구 강남대로 557 (잠원동", 성한빌딩 지하2층),휘트니스피플 우먼 논현점
86,2025-08-09T21:37:59.413844,2025-08-09T21:37:59.413844,37.4849988436868,126.984130819637,서울특별시 서초구 방배천로24길 11 (방배동", 명림빌딩 지하2층),9's(나인스) PT STUDIO
87,2025-08-09T21:37:59.416570,2025-08-09T21:37:59.416570,37.4977812944037,126.99707185707,서울특별시 서초구 서래로5길 19", 3층 (반포동", 나눔케어빌딩),나눔케어 피트니스
88,2025-08-09T21:37:59.419238,2025-08-09T21:37:59.419238,37.4827666361943,127.034949554107,서울특별시 서초구 강남대로 213 (양재동", 스포타임3층),하이폭시코리아
89,2025-08-09T21:37:59.421942,2025-08-09T21:37:59.421942,37.4784575897588,127.000947079743,서울특별시 서초구 효령로34길 76", 동림빌딩 2층 201호 (방배동),더쉐이프
90,2025-08-09T21:37:59.424384,2025-08-09T21:37:59.424384,37.4851294931638,127.015844898549,서울특별시 서초구 효령로 289 (서초동", 3층),클래스짐
91,2025-08-09T21:37:59.426626,2025-08-09T21:37:59.426626,37.4968579628044,126.998032096864,서울특별시 서초구 서래로3길 3 (반포동", 3층),Gym 360+
92,2025-08-09T21:37:59.429316,2025-08-09T21:37:59.429316,37.4836255569436,126.996769169442,서울특별시 서초구 효령로33길 55 (방배동", 2층),주식회사 힐링스짐
93,2025-08-09T21:37:59.431999,2025-08-09T21:37:59.431999,37.49912839242,126.997212599411,서울특별시 서초구 사평대로20길 3 (반포동", 신화빌딩 1층),코어핏(Corefit)
94,2025-08-09T21:37:59.435081,2025-08-09T21:37:59.435081,37.5010250774878,127.009916172818,서울특별시 서초구 서초중앙로33길 20 (반포동", 2층),TenTen Fitness
95,2025-08-09T21:37:59.438543,2025-08-09T21:37:59.438543,37.4890590968177,126.997151687971,서울특별시 서초구 서초대로 137 (방배동", 신국빌딩 2층),마커스짐
96,2025-08-09T21:37:59.441233,2025-08-09T21:37:59.441233,37.4959645356639,127.026124445155,서울특별시 서초구 서초대로74길 14 (서초동", 삼성물산 서초사옥", 지하1층),삼성물산 서초사옥휘트니스
97,2025-08-09T21:37:59.444285,2025-08-09T21:37:59.444285,37.5029725833055,127.010131309177,서울특별시 서초구 고무래로 18-4 (반포동", 지하중2층", 지하2층", 지하3층),4TP fitness
98,2025-08-09T21:37:59.446722,2025-08-09T21:37:59.446722,37.4923165838485,127.028649677024,서울특별시 서초구 사임당로 174 (서초동", 강남미래타워B101호~B103호),MN휘트니스
99,2025-08-09T21:37:59.448339,2025-08-09T21:37:59.448339,37.4922714584052,127.016239918458,서울특별시 서초구 서초중앙로20길 38", 2층 (서초동", 동진빌딩),펠리체PT스튜디오
100,2025-08-09T21:37:59.458989,2025-08-09T21:37:59.458989,37.4993966257772,126.997378603669,서울특별시 서초구 사평대로22길 6", 2층 (반포동", 삼영빌딩),테라 짐
101,2025-08-09T21:37:59.461719,2025-08-09T21:37:59.461719,37.4966685867691,127.013848905206,서울특별시 서초구 서초중앙로28길 6", 4층 (서초동),HAVEN
102,2025-08-09T21:37:59.464444,2025-08-09T21:37:59.464444,37.4842297705628,127.010841544849,서울특별시 서초구 반포대로 43", 지층 (서초동),이동근 바디퍼포먼스
103,2025-08-09T21:37:59.467124,2025-08-09T21:37:59.467124,37.4901824983595,127.030641805543,서울특별시 서초구 강남대로 305", 지하1층 109호 (서초동", 현대렉시온),바디엔지니어
104,2025-08-09T21:37:59.469769,2025-08-09T21:37:59.469769,37.48110170648,126.995684117355,서울특별시 서초구 효령로 105", 3층 (방배동", 범창빌딩),대한퍼스널트레이너협회
105,2025-08-09T21:37:59.473804,2025-08-09T21:37:59.473804,37.5130659030087,127.01839938201,서울특별시 서초구 강남대로93길 38", 지하층 (잠원동", 영신빌딩),어메이짐(Amazym)
106,2025-08-09T21:37:59.476599,2025-08-09T21:37:59.476599,37.5082128473478,127.003658736923,서울특별시 서초구 잠원로3길 40", 지층 1호 (잠원동", 태남홀딩스),(주)잠원투엑스휘트니스
107,2025-08-09T21:37:59.478771,2025-08-09T21:37:59.478771,37.4934898858962,127.028606363309,서울특별시 서초구 서초대로78길 48", 5층 (서초동),더 스토리짐
108,2025-08-09T21:37:59.481601,2025-08-09T21:37:59.481601,37.4821828898894,127.038654574861,서울특별시 서초구 남부순환로356길 61", 2층 (양재동),달라짐
109,2025-08-09T21:37:59.483743,2025-08-09T21:37:59.483743,37.4837163548787,127.011991342452,서울특별시 서초구 반포대로 34", 지하1층 (서초동),휴메이크 휘트니스
110,2025-08-09T21:37:59.486532,2025-08-09T21:37:59.486532,37.4939069944418,127.028843765138,서울특별시 서초구 강남대로 349", 지하2층 (서초동", 우남빌딩),골든 크라운 크로스핏
111,2025-08-09T21:38:01.524256,2025-08-09T21:38:01.524256,37.4815260036299,127.01440169551,서울특별시 서초구 남부순환로325길 7", 지하1층 (서초동),H Core Fitness
112,2025-08-09T21:38:01.526432,2025-08-09T21:38:01.526432,37.5021095310863,127.010905425887,서울특별시 서초구 고무래로10길 5", 2층 (반포동),휴짐나지움
113,2025-08-09T21:38:01.528579,2025-08-09T21:38:01.528579,37.4891828159505,126.993061030072,서울특별시 서초구 방배로 174", 지하1층 (방배동", 태창빌딩),브랜뉴짐
114,2025-08-09T21:38:01.531211,2025-08-09T21:38:01.531211,37.4856438818842,127.029817043067,서울특별시 서초구 서운로 18", 지하1층 (서초동", 영진빌딩),올핏 운동헬스케어 매니지먼트
115,2025-08-09T21:38:01.533379,2025-08-09T21:38:01.533379,37.5081033115199,127.019756177739,서울특별시 서초구 사평대로53길 93-19 (반포동),719 studio
116,2025-08-09T21:38:01.535025,2025-08-09T21:38:01.535025,37.4827665443634,126.997121512739,서울특별시 서초구 방배로 94", 지하2층 (방배동),얼티밋 크로스핏 방배점
117,2025-08-09T21:38:01.537320,2025-08-09T21:38:01.537320,37.4872995571548,127.015269375886,서울특별시 서초구 서초중앙로 62", 지하1층 (서초동", 우일빌딩),제이짐(Jgym)
118,2025-08-09T21:38:01.538759,2025-08-09T21:38:01.538759,37.4721837852043,127.045411598788,서울특별시 서초구 동산로13길 6", 지하층 (양재동),헐크짐
119,2025-08-09T21:38:01.540419,2025-08-09T21:38:01.540419,37.4958491788929,127.014857118224,서울특별시 서초구 서초중앙로26길 13", B01호 (서초동),The Better GYM
120,2025-08-09T21:38:01.541970,2025-08-09T21:38:01.541970,37.4846431037844,126.99522746431,서울특별시 서초구 방배로 119", 지하1층 (방배동),SONO STUDIO
121,2025-08-09T21:38:01.543563,2025-08-09T21:38:01.543563,37.4896221390159,127.014111745008,서울특별시 서초구 서초중앙로 87 (서초동", 지하2층),진핏 PT 스튜디오
122,2025-08-09T21:38:01.546161,2025-08-09T21:38:01.546161,37.5096242399198,127.020098379288,서울특별시 서초구 사평대로55길 133 (반포동", 대영빌딩 2층 전체),레몬필라테스
123,2025-08-09T21:38:01.547734,2025-08-09T21:38:01.547734,37.5021563648911,127.012024373585,서울특별시 서초구 서초중앙로 230", 2층 205호 (반포동", 동화반포프라자빌딩),테디짐PT
124,2025-08-09T21:38:01.550459,2025-08-09T21:38:01.550459,37.5024402189894,127.023696439353,서울특별시 서초구 서초대로77길 61", 4층 (서초동", S&GTOWER서초),하우스필라테스
125,2025-08-09T21:38:01.552534,2025-08-09T21:38:01.552534,37.4887143289998,127.029849245333,서울특별시 서초구 남부순환로347길 101 (서초동", 지하1층),워너비
126,2025-08-09T21:38:01.554116,2025-08-09T21:38:01.554116,37.4974340616184,127.024516764632,서울특별시 서초구 서초대로 397", 2층 203-1호 (서초동),주식회사 블레스라이프 필라테스
127,2025-08-09T21:38:01.556277,2025-08-09T21:38:01.556277,37.5050804346935,127.023700440543,서울특별시 서초구 강남대로 479 (반포동),바디메이크업(256)
128,2025-08-09T21:38:01.558181,2025-08-09T21:38:01.558181,37.488092406946,127.031755273058,서울특별시 서초구 강남대로 279", 지하1층 (서초동),뱅뱅사거리점 스포애니 (주)케이디헬스케어
129,2025-08-09T21:38:01.560018,2025-08-09T21:38:01.560018,37.4819733575407,126.982303692025,서울특별시 서초구 동작대로 62", 용진빌딩 3층 (방배동),아유짐
130,2025-08-09T21:38:01.562779,2025-08-09T21:38:01.562779,37.4853400090711,127.019216390281,서울특별시 서초구 효령로68길 104", 지하1층 (서초동),버터짐
131,2025-08-09T21:38:01.564407,2025-08-09T21:38:01.564407,37.5027112533189,127.021761944037,서울특별시 서초구 서운로 220", 대지스포츠플라자 2층 (서초동),비바라짐 (신논현)
132,2025-08-09T21:38:01.566706,2025-08-09T21:38:01.566706,37.4765227590627,127.001243822693,서울특별시 서초구 방배로 16", 주심빌딩 4층 (방배동),바디워크
133,2025-08-09T21:38:01.568425,2025-08-09T21:38:01.568425,37.4837407273475,127.008320461436,서울특별시 서초구 효령로 221", 3층 (서초동),썸머짐
134,2025-08-09T21:38:01.570820,2025-08-09T21:38:01.570820,37.4920207116979,127.009620980568,서울특별시 서초구 서초대로 254", 오퓨런스 지하3층 (서초동),주식회사 영자피트니스 서초
135,2025-08-09T21:38:01.572343,2025-08-09T21:38:01.572343,37.4841709208004,127.036819750448,서울특별시 서초구 남부순환로350길 19-26", 도담빌딩 지하1층 (양재동),피트니스 타임
136,2025-08-09T21:38:01.574568,2025-08-09T21:38:01.574568,37.5010538834495,127.011216725546,서울특별시 서초구 서초중앙로33길 7", 2층 (반포동),라비아 피트니스
137,2025-08-09T21:38:01.576156,2025-08-09T21:38:01.576156,37.4973504144781,127.013538045649,서울특별시 서초구 서초중앙로 188", 상가동 L층 134호 (서초동", 아크로비스타),썬더짐
138,2025-08-09T21:38:01.578292,2025-08-09T21:38:01.578292,37.5152673868699,127.016133597337,서울특별시 서초구 강남대로109길 102", 잠원빌딩 5층 (잠원동),피트니스 프렌즈
139,2025-08-09T21:38:03.656334,2025-08-09T21:38:03.656334,37.4980128317622,126.996311340479,서울특별시 서초구 서래로5길 34", 2층 (반포동),발할라짐
140,2025-08-09T21:38:03.658961,2025-08-09T21:38:03.658961,37.5040068343972,127.021127174838,서울특별시 서초구 강남대로79길 59", 새로나 빌딩 지하2층 (반포동),트레이닝 캠프
141,2025-08-09T21:38:03.660665,2025-08-09T21:38:03.660665,37.4915573375838,127.029970916611,서울특별시 서초구 강남대로 321", 지하1층 104호 (서초동", 서초동대우디오빌프라임),바디 아티스트
142,2025-08-09T21:38:03.662440,2025-08-09T21:38:03.662440,37.4866756094863,127.015948005292,서울특별시 서초구 서초중앙로8길 7", 2층 (서초동),라곰(LAGOM)
143,2025-08-09T21:38:03.664253,2025-08-09T21:38:03.664253,37.4840374779202,126.982912515477,서울특별시 서초구 방배천로20길 1", 5층 (방배동),빌더바디(Build The Body)
144,2025-08-09T21:38:03.666662,2025-08-09T21:38:03.666662,37.4935086692983,126.986182888306,서울특별시 서초구 방배중앙로 161", 2층 (방배동),바디메뉴얼
145,2025-08-09T21:38:03.667866,2025-08-09T21:38:03.667866,37.5097142441813,127.01959848253,서울특별시 서초구 신반포로 326-16", 2층 (반포동),파란헬스살롱
146,2025-08-09T21:38:03.669875,2025-08-09T21:38:03.669875,37.48417111057,127.014273308255,서울특별시 서초구 반포대로10길 45", 지하1층 (서초동),아몬드짐
147,2025-08-09T21:38:03.672298,2025-08-09T21:38:03.672298,37.4977144170726,126.985664065684,서울특별시 서초구 사평대로2길 22", 2층 (방배동),듀오핏
148,2025-08-09T21:38:03.680119,2025-08-09T21:38:03.680119,37.494848257123,127.018624694157,서울특별시 서초구 서초대로 338", 프로비스타 지하2층 (서초동),웨이브휘트니스
149,2025-08-09T21:38:03.681194,2025-08-09T21:38:03.681194,37.487705960425,127.008522167735,서울특별시 서초구 반포대로21길 23", 세진빌딩 지하1층 (서초동),핏그라운드
150,2025-08-09T21:38:03.683732,2025-08-09T21:38:03.683732,37.4855360426104,127.030825791222,서울특별시 서초구 서운로6길 26", 지훈빌딩 지하1층 (서초동),프로젝트핏
151,2025-08-09T21:38:03.684811,2025-08-09T21:38:03.684811,37.4778879666261,127.039180335385,서울특별시 서초구 강남대로 148", 상록빌딩 지하2층 (양재동),(주)올리바컴퍼니
152,2025-08-09T21:38:03.687166,2025-08-09T21:38:03.687166,37.4858560926799,127.013451848431,서울특별시 서초구 반포대로14길 42", 오영빌딩 3층 (서초동),엠퍼스널트레이닝서초
153,2025-08-09T21:38:03.689277,2025-08-09T21:38:03.689277,37.4997579512068,126.998701396069,서울특별시 서초구 사평대로26길 8", 포레 933빌딩 4층 (반포동),발리휘트니스(BALI Fitness)
154,2025-08-09T21:38:03.691429,2025-08-09T21:38:03.691429,37.4952764993945,127.01808528391,서울특별시 서초구 서초대로 335", 서흥빌딩 5층 (서초동),피트니스솔루션
155,2025-08-09T21:38:03.693585,2025-08-09T21:38:03.693585,37.4715529486838,127.045043136958,서울특별시 서초구 동산로12길 4", 유성빌딩 지하1층 (양재동),퍼스트짐
156,2025-08-09T21:38:03.695744,2025-08-09T21:38:03.695744,37.4859515294058,127.011561022005,서울특별시 서초구 반포대로 58", 상가동 지하1~2층 (서초동", 서초아트자이),골드에스 휘트니스", 필라테스 서초점
157,2025-08-09T21:38:03.698017,2025-08-09T21:38:03.698017,37.4978942178405,126.998544916703,서울특별시 서초구 서래로 32", 백림제2빌딩 3층 (반포동),베스트 오브 벨리
158,2025-08-09T21:38:03.699604,2025-08-09T21:38:03.699604,37.5162644800171,127.010063540612,서울특별시 서초구 잠원로 148", 4층 402호 (잠원동", 잠원연합상가),클럽몬스터(CLUB MONSTER)
159,2025-08-09T21:38:03.700810,2025-08-09T21:38:03.700810,37.4942200198785,127.01657607757,서울특별시 서초구 서초대로 320", 하림인터내셔날빌딩 지하2층 (서초동),(주)에이블짐 교대역점
160,2025-08-09T21:38:03.704081,2025-08-09T21:38:03.704081,37.4830312576202,127.036163193656,서울특별시 서초구 강남대로 210", 행복빌딩 지하1",2층 (양재동),오늘하루운동
161,2025-08-09T21:38:03.706318,2025-08-09T21:38:03.706318,37.4882042352866,127.028895394529,서울특별시 서초구 강남대로47길 52", 지하1층 (서초동),온더피티스튜디오 서초점
162,2025-08-09T21:38:03.707919,2025-08-09T21:38:03.707919,37.4936435887032,127.019323116547,서울특별시 서초구 사임당로17길 123", 맥스빌딩 (서초동),박PT
163,2025-08-09T21:38:03.709504,2025-08-09T21:38:03.709504,37.4928727432965,127.012979871645,서울특별시 서초구 반포대로30길 81", 웅진타워 (서초동),올데이핏(Allday Fit)
164,2025-08-09T21:38:03.710561,2025-08-09T21:38:03.710561,37.4980053958067,126.998105573052,서울특별시 서초구 서래로 31", 2층 (반포동),히스토리
165,2025-08-09T21:38:03.712177,2025-08-09T21:38:03.712177,37.4911711387954,127.022363779966,서울특별시 서초구 사임당로 115", B209호 (서초동),러브유어바디 피티 스튜디오
166,2025-08-09T21:38:03.713257,2025-08-09T21:38:03.713257,37.4696162017367,127.025921741939,서울특별시 서초구 바우뫼로6길 16", 2층 (우면동),운동하는날
167,2025-08-09T21:38:03.714869,2025-08-09T21:38:03.714869,37.4950034213239,127.015423378849,서울특별시 서초구 서초중앙로24길 17", 베아따빌딩본관 지층 (서초동),바른핏 PT & 필라테스
168,2025-08-09T21:38:03.716472,2025-08-09T21:38:03.716472,37.4947989581217,127.02860980273,서울특별시 서초구 강남대로 359", 대우도씨에빛2 3층 311",312호 (서초동),바디스펙트럼
169,2025-08-09T21:38:05.789204,2025-08-09T21:38:05.789204,37.4960391685763,127.014392947489,서울특별시 서초구 서초대로53길 21", 202호 (서초동),리버스바디
170,2025-08-09T21:38:05.792262,2025-08-09T21:38:05.792262,37.4832782887127,126.996121212244,서울특별시 서초구 방배로 103", 서리풀타워 지하1층 (방배동),(주)빅브로짐 방배점
171,2025-08-09T21:38:05.794053,2025-08-09T21:38:05.794053,37.4935124923204,126.989142752366,서울특별시 서초구 방배로37길 11", 삼호회관 지하1층 (방배동),바디녹스짐
172,2025-08-09T21:38:05.795488,2025-08-09T21:38:05.795488,37.4841105552808,126.996273694804,서울특별시 서초구 방배로 110", 하나은행 지하층 102호 (방배동),렛츠피티
173,2025-08-09T21:38:05.797174,2025-08-09T21:38:05.797174,37.5081263886404,127.011497032246,서울특별시 서초구 신반포로 지하 241", 반포역 지하1층 733-111(일부)호 (잠원동),스포니스 반포점
174,2025-08-09T21:38:05.798291,2025-08-09T21:38:05.798291,37.4962944373973,126.985719295966,서울특별시 서초구 방배중앙로 196", 후생시설 지하1호 (방배동),리커버리 퍼스널 트레이닝 센터
175,2025-08-09T21:38:05.799371,2025-08-09T21:38:05.799371,37.49272886702,127.028349723754,서울특별시 서초구 사임당로 171", EWR빌딩 지하1층 (서초동),아크피티스튜디오
176,2025-08-09T21:38:05.800437,2025-08-09T21:38:05.800437,37.4875039950758,126.988735323414,서울특별시 서초구 방배중앙로 91", 석호빌딩 지하1층 (방배동),PT Lab Bangbae
177,2025-08-09T21:38:05.801616,2025-08-09T21:38:05.801616,37.4950975274245,127.019422098841,서울특별시 서초구 서초대로 346", 지하1층 102호 (서초동", 서초동 동아빌라트),다이아몬드짐 헬스
178,2025-08-09T21:38:05.802700,2025-08-09T21:38:05.802700,37.5074448623,127.02177677709,서울특별시 서초구 강남대로85길 16", 1층 (반포동),반포휘트니스사우나
179,2025-08-09T21:38:05.803871,2025-08-09T21:38:05.803871,37.4933212301559,127.014805731667,서울특별시 서초구 서초중앙로22길 17", 지하1층 (서초동),교대역점 스포애니(주)케이디헬스케어
180,2025-08-09T21:38:05.804953,2025-08-09T21:38:05.804953,37.4785199554486,127.039388690657,서울특별시 서초구 바우뫼로 177", 성문빌딩 지하층 (양재동),테라피티
181,2025-08-09T21:38:05.806037,2025-08-09T21:38:05.806037,37.4859076526233,126.983849087155,서울특별시 서초구 서초대로 13", 방배 마에스트로 204호 (방배동),에이제이짐
182,2025-08-09T21:38:05.807134,2025-08-09T21:38:05.807134,37.495154533353,126.989654212132,서울특별시 서초구 방배로42길 19", 지층 (방배동),피디컬짐
183,2025-08-09T21:38:05.808214,2025-08-09T21:38:05.808214,37.5004732570117,127.010431678679,서울특별시 서초구 서초중앙로31길 14-11", 1층 (반포동),핏플즈
184,2025-08-09T21:38:05.809348,2025-08-09T21:38:05.809348,37.4930220372147,126.992079487564,서울특별시 서초구 동광로22길 7", 102동 b01호 (방배동),S&C physical center
185,2025-08-09T21:38:05.810919,2025-08-09T21:38:05.810919,37.4920396031671,127.013591703538,서울특별시 서초구 서초중앙로 115", 서용빌딩 지층 (서초동),위크로스핏
186,2025-08-09T21:38:05.813292,2025-08-09T21:38:05.813292,37.5081263886404,127.011497032246,서울특별시 서초구 신반포로 지하 241", 반포역 지하층 (잠원동),GOTO 서브 반포점
187,2025-08-09T21:38:05.814346,2025-08-09T21:38:05.814346,37.4860984780245,127.005346225598,서울특별시 서초구 명달로20길 21", 1층 (서초동", 서초 에스테온),피치짐
188,2025-08-09T21:38:05.816001,2025-08-09T21:38:05.816001,37.5028594641113,127.024543871587,서울특별시 서초구 강남대로 455", 205호 (서초동", 강남태영데시앙루브),피지오플러스피티
189,2025-08-09T21:38:05.817047,2025-08-09T21:38:05.817047,37.4792386785483,127.000069078638,서울특별시 서초구 방배로6길 13", 지하1층 (방배동),바디어필 PT 스튜디오
190,2025-08-09T21:38:05.818176,2025-08-09T21:38:05.818176,37.4945642061782,127.028023386014,서울특별시 서초구 강남대로53길 8", 스타크 강남빌딩 (서초동),더짐 주식회사
191,2025-08-09T21:38:05.819233,2025-08-09T21:38:05.819233,37.4904950346372,127.005381592272,서울특별시 서초구 서초대로38길 12", b115동 116호 (서초동", 마제스타시티", 힐스테이트 서리풀),HANT
192,2025-08-09T21:38:05.820366,2025-08-09T21:38:05.820366,37.5070244820045,127.006460397501,서울특별시 서초구 신반포로 205", 반포쇼핑타운 6동 5층 4",5호 (잠원동),더바디코치
193,2025-08-09T21:38:05.821466,2025-08-09T21:38:05.821466,37.4879147085619,127.015010002231,서울특별시 서초구 서초중앙로 70", 동명빌딩 3층 (서초동),라겟옴
194,2025-08-09T21:38:05.823279,2025-08-09T21:38:05.823279,37.499667225552,127.010333744461,서울특별시 서초구 서초중앙로31길 18", 그랑반포 4층 (반포동),김민철 트레이닝
195,2025-08-09T21:38:05.824348,2025-08-09T21:38:05.824348,37.4899167721412,126.992981470863,서울특별시 서초구 서초대로25길 51", 지하1층 (방배동),마커스 그래비티
196,2025-08-09T21:38:05.825410,2025-08-09T21:38:05.825410,37.4854211148285,127.03135523975,서울특별시 서초구 남부순환로347길 23", 유진빌딩 지하1층 (서초동),빌리프짐 양재역점
197,2025-08-09T21:38:05.827980,2025-08-09T21:38:05.827980,37.5015195846305,127.021753455557,서울특별시 서초구 서운로 207", 삼호종합상가 223호 (서초동),바른다짐 퍼스널 트레이닝
198,2025-08-09T21:38:05.830301,2025-08-09T21:38:05.830301,37.4903216989996,127.009408746972,서울특별시 서초구 서초대로42길 41", 지하1층 (서초동),짐파서블
199,2025-08-09T21:38:07.923255,2025-08-09T21:38:07.923255,37.4888420176392,127.017675087454,서울특별시 서초구 사임당로14길 7", 1층 (서초동),타임 투 짐(TIME TO GYM)
200,2025-08-09T21:38:07.926338,2025-08-09T21:38:07.926338,37.4825381525088,127.002237861854,서울특별시 서초구 효령로 165", 한진빌딩 2층 (서초동),바른밸런스 PT STUDIO
201,2025-08-09T21:38:07.929721,2025-08-09T21:38:07.929721,37.4983516923932,127.026394763383,서울특별시 서초구 서초대로77길 5", 진영빌딩 13층 (서초동),로그짐 강남역점
202,2025-08-09T21:38:07.932484,2025-08-09T21:38:07.932484,37.4944653361174,127.012395177824,서울특별시 서초구 법원로2길 17-5", 백영빌딩 지하1층 (서초동),슬릭 교대캠프
203,2025-08-09T21:38:07.934961,2025-08-09T21:38:07.934961,37.4942643848404,127.028259839376,서울특별시 서초구 강남대로53길 7", 강남애니타워 3층 301호 (서초동),바디스펙트럼2
204,2025-08-09T21:38:07.937697,2025-08-09T21:38:07.937697,37.4937404364019,126.992480394027,서울특별시 서초구 동광로 93", 테라스빌딩 4층 (방배동),서래마을 체육관
205,2025-08-09T21:38:07.941198,2025-08-09T21:38:07.941198,37.4670276160067,127.021814333475,서울특별시 서초구 성촌4길 11", 하이디하우스 지하1층", 지상4층 (우면동),네이처바이트 주식회사
206,2025-08-09T21:38:07.944543,2025-08-09T21:38:07.944543,37.5158432186369,127.018002243591,서울특별시 서초구 나루터로 75", 금산빌딩 지하1층 (잠원동),헬링짐
207,2025-08-09T21:38:07.947607,2025-08-09T21:38:07.947607,37.4875261941992,126.994201615542,서울특별시 서초구 서초대로 108", 3층 301호 (방배동),비바라짐 내방점
208,2025-08-09T21:38:07.951540,2025-08-09T21:38:07.951540,37.4925789859992,127.029267185467,서울특별시 서초구 사임당로 180", 보원빌딩 1층 (서초동),로그짐 서초우성점
209,2025-08-09T21:38:07.954867,2025-08-09T21:38:07.954867,37.5037734153892,127.009915631535,서울특별시 서초구 고무래로 6-3", 삼공빌딩 지층 201호 (반포동),PT MATE
210,2025-08-09T21:38:07.957631,2025-08-09T21:38:07.957631,37.4893888859233,127.01854622241,서울특별시 서초구 사임당로 80", URBANTREE(어반트리) 204호 (서초동),교대PT
211,2025-08-09T21:38:07.960367,2025-08-09T21:38:07.960367,37.5104291355274,127.018259841388,서울특별시 서초구 신반포로 315", 삼덕빌딩 지층 (잠원동),주식회사 글로리어스
212,2025-08-09T21:38:07.964197,2025-08-09T21:38:07.964197,37.478484171758,127.000609943539,서울특별시 서초구 방배로6길 10-15", 대영빌딩 (방배동),윤형준 트레이닝센터
213,2025-08-09T21:38:07.967248,2025-08-09T21:38:07.967248,37.4665205476411,127.023126796974,서울특별시 서초구 성촌길 56 (주)삼성전자 서울R&D캠퍼스 (우면동),전자서울 R&D 피트니스센터
214,2025-08-09T21:38:07.970544,2025-08-09T21:38:07.970544,37.4656623427545,127.022142311822,서울특별시 서초구 성촌1길 12", 우면삼성프라자-2 401호 (우면동),알앤디피티
215,2025-08-09T21:38:07.972715,2025-08-09T21:38:07.972715,37.4770127866652,126.982475800902,서울특별시 서초구 방배천로 5-1", 8층 (방배동),닥터 펠리체 짐
216,2025-08-09T21:38:07.975363,2025-08-09T21:38:07.975363,37.4826422973805,126.997210159254,서울특별시 서초구 방배로 92", 2층 (방배동),서리풀PT
217,2025-08-09T21:38:07.978366,2025-08-09T21:38:07.978366,37.4896623611196,127.009160353694,서울특별시 서초구 반포대로 106", 태홍빌딩 지층 (서초동),반포짐
218,2025-08-09T21:38:07.981646,2025-08-09T21:38:07.981646,37.5123955766487,127.018265749639,서울특별시 서초구 신반포로47길 47", 인정빌딩 (잠원동),항구짐
219,2025-08-09T21:38:07.984608,2025-08-09T21:38:07.984608,37.4903376051273,127.029767346477,서울특별시 서초구 효령로77길 14", 1층 (서초동", 풍림아이원플러스),파프짐
220,2025-08-09T21:38:07.987328,2025-08-09T21:38:07.987328,37.487661816559,127.01162720597,서울특별시 서초구 사임당로 13", 동화빌딩 5층 (서초동),짐엑스텐
221,2025-08-09T21:38:07.990538,2025-08-09T21:38:07.990538,37.482846352786,126.982355947718,서울특별시 서초구 동작대로 70", 6층 (방배동),에브리데이 PT
222,2025-08-09T21:38:07.993202,2025-08-09T21:38:07.993202,37.4797008226468,127.041481919794,서울특별시 서초구 양재천로29길 21", 가온 빌딩 2층 (양재동),파인어스PT
223,2025-08-09T21:38:07.995981,2025-08-09T21:38:07.995981,37.5035142112248,127.023275952591,서울특별시 서초구 사평대로56길 5", 아멜리아 지2층 (서초동),유얼짐
224,2025-08-09T21:38:07.999240,2025-08-09T21:38:07.999240,37.4923165838485,127.028649677024,서울특별시 서초구 사임당로 174", 강남미래타워 5층 503호 (서초동),(주)다이나믹케어
225,2025-08-09T21:38:08.001963,2025-08-09T21:38:08.001963,37.4840480885519,126.995502590698,서울특별시 서초구 방배로15길 3", 근복제2빌딩 2층 (방배동),아틀라스 트레이닝(Atlas)
226,2025-08-09T21:38:08.005205,2025-08-09T21:38:08.005205,37.5081033115199,127.019756177739,서울특별시 서초구 사평대로53길 93-19", 지층 (반포동),매일핏
227,2025-08-09T21:38:08.008751,2025-08-09T21:38:08.008751,37.4961190313207,127.01411488983,서울특별시 서초구 서초대로51길 24", 3층 (서초동),F45 교대
228,2025-08-09T21:38:10.135772,2025-08-09T21:38:10.135772,37.5024216076756,127.012154473385,서울특별시 서초구 고무래로 32", 반포트라이엄프메딕스빌딩 지층 (반포동),글로우짐
229,2025-08-09T21:38:10.138159,2025-08-09T21:38:10.138159,37.4918506404669,127.025236485997,서울특별시 서초구 사임당로 143", Cross 143 4층 407",408호 (서초동),내셔널짐 서초점
230,2025-08-09T21:38:10.139294,2025-08-09T21:38:10.139294,37.4939732472792,127.018889085316,서울특별시 서초구 서초중앙로22길 92-4", 동구빌딩 지층 (서초동),팀람다 트레이닝센터
231,2025-08-09T21:38:10.140950,2025-08-09T21:38:10.140950,37.4976936531468,126.998492674796,서울특별시 서초구 서래로6길 4", 가나빌딩 지하1층 (반포동),(주)엠알티핏
232,2025-08-09T21:38:10.143714,2025-08-09T21:38:10.143714,37.4974284760361,127.019150618212,서울특별시 서초구 서초대로65길 13-10", 2층 207호 (서초동", 서초래미안아파트),테디짐PT 서초래미안
233,2025-08-09T21:38:10.145918,2025-08-09T21:38:10.145918,37.4857345072402,127.013793744607,서울특별시 서초구 효령로53길 24", 디아레나 서초 지층 101호 (서초동),클래시 휘트니스
234,2025-08-09T21:38:10.148316,2025-08-09T21:38:10.148316,37.4907111255772,126.983341474208,서울특별시 서초구 동광로 4", 다온빌딩 3층 (방배동),무브케어랩 퍼스널트레이닝
235,2025-08-09T21:38:10.150578,2025-08-09T21:38:10.150578,37.4959808982018,127.014188255063,서울특별시 서초구 서초대로51길 22", 명산빌딩 2층 (서초동),더 퍼스트 피티 스튜디오
236,2025-08-09T21:38:10.152152,2025-08-09T21:38:10.152152,37.456115498066,127.01378344297,서울특별시 서초구 양재대로2길 109", 상가동 2층 201호 (우면동", 서초호반써밋),엑스(x)휘트니스
237,2025-08-09T21:38:10.153204,2025-08-09T21:38:10.153204,37.4951181640471,127.027943870008,서울특별시 서초구 서초대로78길 30", 3층 (서초동),아라핏 스튜디오
238,2025-08-09T21:38:10.154890,2025-08-09T21:38:10.154890,37.4915904303325,127.014522584596,서울특별시 서초구 서초중앙로 110", 지하1층 (서초동", 서초동롯데캐슬메디치),보리스짐 교대
239,2025-08-09T21:38:10.156061,2025-08-09T21:38:10.156061,37.4939069944418,127.028843765138,서울특별시 서초구 강남대로 349", 우남빌딩 11층 (서초동),펜타핏 주식회사
240,2025-08-09T21:38:10.158122,2025-08-09T21:38:10.158122,37.4972785185292,126.985733470434,서울특별시 서초구 방배중앙로 204", 리첸시아 지하1층 (방배동),크로스핏 강남 반포
241,2025-08-09T21:38:10.159754,2025-08-09T21:38:10.159754,37.5116583511688,127.00446943136,서울특별시 서초구 신반포로23길 41", 4층 404호 (잠원동", 신반포2지구아파트),바른자세 Pt짐
242,2025-08-09T21:38:10.170597,2025-08-09T21:38:10.170597,37.4882697133922,126.994354657474,서울특별시 서초구 서초대로25길 6", 지하1층 (방배동", 희연(HEE YEON)),윌 피티 짐
243,2025-08-09T21:38:10.173634,2025-08-09T21:38:10.173634,37.4945260438603,127.028232233033,서울특별시 서초구 서초대로78길 38", 호정빌딩 5층 (서초동),아고라피트니스 강남역점
244,2025-08-09T21:38:10.175803,2025-08-09T21:38:10.175803,37.4994167471052,126.999785131391,서울특별시 서초구 서래로10길 23", 3층 (반포동),Hoya Gym
245,2025-08-09T21:38:10.177902,2025-08-09T21:38:10.177902,37.5042821673129,127.02017860252,서울특별시 서초구 주흥3길 6", 연우빌딩 3층 (반포동),DOUM PT
246,2025-08-09T21:38:10.180029,2025-08-09T21:38:10.180029,37.4860261857246,127.020988802524,서울특별시 서초구 효령로 336", 윤일빌딩 지하1층 (서초동),활로 피트 매니지먼트
247,2025-08-09T21:38:10.182287,2025-08-09T21:38:10.182287,37.4916877176017,127.010466415239,서울특별시 서초구 서초대로46길 19-7", 지하1층 (서초동),The rebody PT
248,2025-08-09T21:38:10.183354,2025-08-09T21:38:10.183354,37.4705484746403,127.025100225017,서울특별시 서초구 바우뫼로7길 3", 중평빌딩 지하1층 (우면동),주식회사중평알앤에스
249,2025-08-09T21:38:10.185017,2025-08-09T21:38:10.185017,37.4698667908388,127.025424094825,서울특별시 서초구 바우뫼로6길 8-4", 2층 (우면동),BEEFIT STUDIO
250,2025-08-09T21:38:10.186086,2025-08-09T21:38:10.186086,37.483384328791,127.020008132847,서울특별시 서초구 남부순환로333길 13", 효봉빌딩 2층 (서초동),마이밸런스 프라이빗 PT짐 서초점
251,2025-08-09T21:38:10.188018,2025-08-09T21:38:10.188018,37.4817448804863,126.996738384466,서울특별시 서초구 효령로31길 10", 나이스빌 (방배동),크레이지독스짐
252,2025-08-09T21:38:10.190558,2025-08-09T21:38:10.190558,37.4933774233316,126.992522835284,서울특별시 서초구 동광로 92", 지하1층 (방배동),랜드마크짐
253,2025-08-09T21:38:10.192832,2025-08-09T21:38:10.192832,37.5127457686873,127.019567604716,서울특별시 서초구 강남대로95길 9-25", 지하1", 1층 (잠원동),YJ FITNESS
254,2025-08-09T21:38:10.194460,2025-08-09T21:38:10.194460,37.4871648423953,127.032334252471,서울특별시 서초구 강남대로 267", B1층 (서초동),텐핏 양재
255,2025-08-09T21:38:10.196588,2025-08-09T21:38:10.196588,37.493414584039,127.028138184682,서울특별시 서초구 서초대로74길 49", B1층 (서초동),하이라이트 피트니스
256,2025-08-09T21:38:10.198744,2025-08-09T21:38:10.198744,37.4846872089607,127.016991752076,서울특별시 서초구 서초중앙로 26", 201호 (서초동", 래미안 서초유니빌),바른결 PT
257,2025-08-09T21:38:12.285563,2025-08-09T21:38:12.285563,37.5000580848817,127.011287031477,서울특별시 서초구 서초중앙로31길 6-3", 지하2층 (반포동),어메이징휘트니스 반포점
258,2025-08-09T21:38:12.287139,2025-08-09T21:38:12.287139,37.4932094113094,126.989338084331,서울특별시 서초구 동광로19길 16", 3층 (방배동),일생의 피티
259,2025-08-09T21:38:12.288737,2025-08-09T21:38:12.288737,37.4944733162391,126.990052578394,서울특별시 서초구 방배로42길 36-4", 세진빌딩 4층 401호 (방배동),운동록
260,2025-08-09T21:38:12.290339,2025-08-09T21:38:12.290339,37.5064357442307,127.006834366246,서울특별시 서초구 신반포로 194", 강남고속버스터미널 본관 1",2층 (반포동),헬스보이짐 강남고속버스터미널점
261,2025-08-09T21:38:12.291958,2025-08-09T21:38:12.291958,37.4964004899032,126.984329471048,서울특별시 서초구 방배중앙로29길 21", 가우디빌딩 4층 (방배동),짐 레빗(Gym Revit)
262,2025-08-09T21:38:12.293042,2025-08-09T21:38:12.293042,37.4944542826474,127.024802451537,서울특별시 서초구 서운로 123", 서초스포츠센터 (서초동),서초스포츠센터
263,2025-08-09T21:38:12.294104,2025-08-09T21:38:12.294104,37.48405712952,127.00359571179,서울특별시 서초구 명달로13길 4", SK빌딩 301호 (서초동),롤랜드 헬스클럽PT
264,2025-08-09T21:38:12.296835,2025-08-09T21:38:12.296835,37.4909812977515,127.019834325854,서울특별시 서초구 사임당로19길 10", 지하1층 (서초동", 서초현대아파트),제니바디 교대점
265,2025-08-09T21:38:12.298500,2025-08-09T21:38:12.298500,37.4571008761802,127.058842051487,서울특별시 서초구 헌릉로 170", 서초 케이타운 오피스텔 지하1층 (신원동),에비뉴
266,2025-08-09T21:38:12.300666,2025-08-09T21:38:12.300666,37.4886274075649,126.99261297523,서울특별시 서초구 방배로 169", 한국수입협회(KOIMA)빌딩 지하1층 (방배동),골핏
267,2025-08-09T21:38:12.302325,2025-08-09T21:38:12.302325,37.4952363509414,127.015274497181,서울특별시 서초구 서초대로53길 10", 서일빌딩 지하1층 (서초동),블랙포스짐 교대점
268,2025-08-09T21:38:12.303350,2025-08-09T21:38:12.303350,37.464057071815,127.024997566281,서울특별시 서초구 태봉로 62", 네이처프라자 501호 (우면동),N피티앤필라테스
269,2025-08-09T21:38:12.304397,2025-08-09T21:38:12.304397,37.4966151864954,127.014357210245,서울특별시 서초구 서초대로53길 28", 백석빌딩 지하2층 (서초동),에이쓰리짐(a3gym)
270,2025-08-09T21:38:12.306065,2025-08-09T21:38:12.306065,37.4920676848724,127.025692827371,서울특별시 서초구 사임당로 151", 대한무지개종합상가 3층 301호 (서초동),테디짐PT 강남점
271,2025-08-09T21:38:12.307132,2025-08-09T21:38:12.307132,37.4869095170024,127.01450471794,서울특별시 서초구 반포대로14길 71", LG서초에클라트 지하1층 (서초동),웨이브휘트니스
272,2025-08-09T21:38:12.308200,2025-08-09T21:38:12.308200,37.4951050126287,126.985672027908,서울특별시 서초구 방배중앙로 181", B1층 (방배동),아워피트니스 프리미엄
273,2025-08-09T21:38:12.309321,2025-08-09T21:38:12.309321,37.5132017944915,127.008853083538,서울특별시 서초구 신반포로33길 62", 202호 (잠원동),우노짐 잠원
274,2025-08-09T21:38:12.311516,2025-08-09T21:38:12.311516,37.5061429460128,127.022068080934,서울특별시 서초구 강남대로83길 24", 2층 (반포동),머슬메모리
275,2025-08-09T21:38:12.312659,2025-08-09T21:38:12.312659,37.4857601563836,127.020252541367,서울특별시 서초구 효령로 330", 해평빌딩 2층 (서초동),하이브짐(Hive Gym)
276,2025-08-09T21:38:12.313823,2025-08-09T21:38:12.313823,37.4708545781298,127.025380680694,서울특별시 서초구 바우뫼로7길 8", 우면종합상가 3층 305호 (우면동),우리동네운동박사 서초점
277,2025-08-09T21:38:12.314943,2025-08-09T21:38:12.314943,37.462467348157,127.036947909974,서울특별시 서초구 매헌로 16", 하이브랜드 3층 301호 (양재동),내추럴홍피트니스
278,2025-08-09T21:38:12.317291,2025-08-09T21:38:12.317291,37.5116583511688,127.00446943136,서울특별시 서초구 신반포로23길 41", 410호 (잠원동", 신반포2지구아파트),자스민 운동센터
279,2025-08-09T21:38:12.320089,2025-08-09T21:38:12.320089,37.497885481509,126.99885692234,서울특별시 서초구 서래로6길 7", 지하1층 (반포동),움직임 PT Studio
280,2025-08-09T21:38:12.321737,2025-08-09T21:38:12.321737,37.4656623427545,127.022142311822,서울특별시 서초구 성촌1길 12", 우면삼성프라자-2 401호 (우면동),알앤디 피티 앤 필라테스
281,2025-08-09T21:38:12.323373,2025-08-09T21:38:12.323373,37.4873260636947,127.018319684484,서울특별시 서초구 서초중앙로8길 51", 지하1층 (서초동),스포애니 남부터미널역점(주)케이디헬스케어
282,2025-08-09T21:38:12.324459,2025-08-09T21:38:12.324459,37.4846187815841,127.031299728023,서울특별시 서초구 남부순환로 2567", 지하2층 (서초동),휘트니스엠
283,2025-08-09T21:38:12.326075,2025-08-09T21:38:12.326075,37.4962577972563,126.997750985843,서울특별시 서초구 서래로1길 8", 97-10 트윈빌 지하2층 (반포동),아워피트니스
284,2025-08-09T21:38:12.327722,2025-08-09T21:38:12.327722,37.5081263886404,127.011497032246,서울특별시 서초구 신반포로 지하 241", 반포역 (잠원동),FIT.Covery핏커버리
285,2025-08-09T21:38:12.329345,2025-08-09T21:38:12.329345,37.4817939344105,126.995235107637,서울특별시 서초구 효령로27길 20", 2층 (방배동),모브핏(Mauve Fit)
286,2025-08-09T21:38:12.331468,2025-08-09T21:38:12.331468,37.4942340641261,127.000848333113,서울특별시 서초구 동광로46길 3", 1층 (반포동),바른길 PT STUDIO
287,2025-08-09T21:38:13.666745,2025-08-09T21:38:13.666745,37.4992678021747,126.998558347583,서울특별시 서초구 서래로 48", 3층 (반포동),서래 퍼스널 트레이닝
288,2025-08-09T21:38:13.668831,2025-08-09T21:38:13.668831,37.5082880328998,127.022205905271,서울특별시 서초구 강남대로 519", 도충빌딩 (반포동),아우라짐 논현역점
289,2025-08-09T21:38:13.670962,2025-08-09T21:38:13.670962,37.5083799241099,127.020263853583,서울특별시 서초구 사평대로53길 94 (반포동),AL피트니스
290,2025-08-09T21:38:13.673047,2025-08-09T21:38:13.673047,37.4864215552405,126.994140643577,서울특별시 서초구 방배로 141", 텔콤빌딩 내방 (방배동),아워피트니스 내방점
291,2025-08-09T21:38:13.674674,2025-08-09T21:38:13.674674,37.4855360426104,127.030825791222,서울특별시 서초구 서운로6길 26", 지훈빌딩 지하1층 (서초동),인사이트 그룹PT 양재역점
292,2025-08-09T21:38:13.676618,2025-08-09T21:38:13.676618,37.4860911031957,126.982616599369,서울특별시 서초구 동작대로 108", 지하1층 (방배동", 디오슈페리움2),스페이스짐
293,2025-08-09T21:38:13.678197,2025-08-09T21:38:13.678197,37.5155601884765,127.019301053284,서울특별시 서초구 강남대로 603", 인성빌딩 지하1층 (잠원동),신사 라이크짐 PT", 필라테스
294,2025-08-09T21:38:13.679253,2025-08-09T21:38:13.679253,37.4888921161717,127.030483202582,서울특별시 서초구 효령로 426", 지하1층 (서초동),애니타임 피트니스
295,2025-08-09T21:38:13.682067,2025-08-09T21:38:13.682067,37.4826683155589,127.036507410115,서울특별시 서초구 강남대로 206", 지하1층 (양재동),화이트짐 양재점
296,2025-08-09T21:38:13.684296,2025-08-09T21:38:13.684296,37.4864166583391,127.00452491402,서울특별시 서초구 명달로 104", 모짜르트홀 101호 (서초동),애플피트니스
